image_0281.jpg,47,29,348,134,airplane
image_0561.jpg,38,25,227,128,motorcycle
image_0009.jpg,50,29,344,137,airplane
image_0464.jpg,31,34,353,142,airplane
image_0330.jpg,172,18,414,259,face
image_0378.jpg,37,23,234,135,motorcycle
image_0191.jpg,54,29,346,120,airplane
image_0723.jpg,34,60,229,158,motorcycle
image_0046.jpg,34,21,233,177,motorcycle
image_0285.jpg,133,12,372,280,face
image_0230.jpg,42,19,235,143,motorcycle
image_0429.jpg,57,26,356,96,airplane
image_0389.jpg,39,29,226,147,motorcycle
image_0558.jpg,40,30,220,137,motorcycle
image_0393.jpg,39,31,348,142,airplane
image_0138.jpg,42,25,345,95,airplane
image_0127.jpg,60,25,344,128,airplane
image_0109.jpg,53,33,342,131,airplane
image_0022.jpg,78,16,274,263,face
image_0737.jpg,50,25,349,81,airplane
image_0542.jpg,59,48,225,139,motorcycle
image_0583.jpg,33,32,227,144,motorcycle
image_0647.jpg,41,29,219,142,motorcycle
image_0702.jpg,38,23,231,135,motorcycle
image_0605.jpg,57,26,347,110,airplane
image_0212.jpg,35,24,226,126,motorcycle
image_0152.jpg,34,28,227,166,motorcycle
image_0577.jpg,55,25,353,118,airplane
image_0764.jpg,52,26,349,115,airplane
image_0341.jpg,67,55,351,119,airplane
image_0278.jpg,51,34,347,151,airplane
image_0437.jpg,50,27,355,115,airplane
image_0194.jpg,32,21,229,150,motorcycle
image_0649.jpg,34,28,222,139,motorcycle
image_0587.jpg,58,27,352,107,airplane
image_0150.jpg,88,22,274,275,face
image_0343.jpg,36,27,223,142,motorcycle
image_0315.jpg,231,19,419,294,face
image_0497.jpg,53,26,350,115,airplane
image_0025.jpg,172,19,375,276,face
image_0462.jpg,57,30,354,113,airplane
image_0663.jpg,52,26,350,129,airplane
image_0189.jpg,234,3,497,336,face
image_0799.jpg,49,26,347,116,airplane
image_0641.jpg,56,28,349,133,airplane
image_0223.jpg,22,26,229,156,motorcycle
image_0375.jpg,61,27,350,113,airplane
image_0588.jpg,41,42,236,156,motorcycle
image_0759.jpg,32,34,227,145,motorcycle
image_0734.jpg,39,54,229,163,motorcycle
image_0021.jpg,230,46,425,331,face
image_0342.jpg,73,53,334,305,face
image_0154.jpg,54,44,208,130,motorcycle
image_0515.jpg,32,43,229,150,motorcycle
image_0299.jpg,153,23,349,296,face
image_0800.jpg,53,27,348,109,airplane
image_0316.jpg,36,22,228,138,motorcycle
image_0117.jpg,52,28,348,142,airplane
image_0369.jpg,55,27,343,135,airplane
image_0528.jpg,34,24,225,151,motorcycle
image_0075.jpg,32,22,232,141,motorcycle
image_0229.jpg,54,36,346,144,airplane
image_0568.jpg,35,21,229,138,motorcycle
image_0369.jpg,44,33,239,151,motorcycle
image_0552.jpg,53,26,350,101,airplane
image_0609.jpg,39,57,227,176,motorcycle
image_0233.jpg,148,18,330,281,face
image_0656.jpg,45,23,214,109,motorcycle
image_0170.jpg,56,26,349,119,airplane
image_0458.jpg,56,28,354,132,airplane
image_0392.jpg,145,34,317,251,face
image_0773.jpg,37,24,224,143,motorcycle
image_0393.jpg,35,18,229,123,motorcycle
image_0684.jpg,39,16,233,152,motorcycle
image_0107.jpg,287,74,477,330,face
image_0077.jpg,40,27,347,128,airplane
image_0767.jpg,48,25,345,125,airplane
image_0703.jpg,59,37,354,134,airplane
image_0270.jpg,64,38,350,132,airplane
image_0560.jpg,35,23,228,130,motorcycle
image_0153.jpg,54,37,346,146,airplane
image_0246.jpg,39,23,233,144,motorcycle
image_0684.jpg,56,32,355,125,airplane
image_0115.jpg,50,37,341,151,airplane
image_0391.jpg,35,17,230,107,motorcycle
image_0120.jpg,42,24,351,136,airplane
image_0609.jpg,48,27,345,108,airplane
image_0413.jpg,55,31,354,102,airplane
image_0335.jpg,39,29,225,132,motorcycle
image_0136.jpg,203,10,419,295,face
image_0172.jpg,37,21,235,125,motorcycle
image_0271.jpg,36,20,230,126,motorcycle
image_0068.jpg,32,20,232,141,motorcycle
image_0655.jpg,51,33,351,150,airplane
image_0480.jpg,50,27,351,122,airplane
image_0430.jpg,57,28,352,84,airplane
image_0182.jpg,52,8,291,287,face
image_0192.jpg,36,22,229,138,motorcycle
image_0151.jpg,47,33,356,93,airplane
image_0328.jpg,144,21,408,306,face
image_0243.jpg,38,22,230,135,motorcycle
image_0072.jpg,113,8,311,245,face
image_0265.jpg,220,19,409,303,face
image_0095.jpg,34,18,232,118,motorcycle
image_0295.jpg,53,35,351,144,airplane
image_0557.jpg,54,32,352,127,airplane
image_0298.jpg,62,32,354,126,airplane
image_0695.jpg,54,24,346,115,airplane
image_0698.jpg,39,21,230,136,motorcycle
image_0598.jpg,33,60,231,152,motorcycle
image_0045.jpg,34,28,235,145,motorcycle
image_0116.jpg,52,31,336,139,airplane
image_0639.jpg,53,29,349,140,airplane
image_0715.jpg,40,61,225,166,motorcycle
image_0098.jpg,33,31,234,153,motorcycle
image_0512.jpg,56,29,356,148,airplane
image_0245.jpg,82,56,366,171,airplane
image_0205.jpg,58,47,348,133,airplane
image_0048.jpg,54,29,332,124,airplane
image_0661.jpg,48,42,227,156,motorcycle
image_0156.jpg,58,28,339,109,airplane
image_0798.jpg,59,25,354,110,airplane
image_0381.jpg,171,26,397,298,face
image_0632.jpg,56,38,339,100,airplane
image_0395.jpg,35,27,349,133,airplane
image_0146.jpg,37,25,232,139,motorcycle
image_0259.jpg,47,26,220,144,motorcycle
image_0106.jpg,48,31,352,152,airplane
image_0420.jpg,41,23,224,134,motorcycle
image_0082.jpg,34,15,231,113,motorcycle
image_0302.jpg,60,33,348,126,airplane
image_0749.jpg,58,30,357,151,airplane
image_0220.jpg,50,25,346,99,airplane
image_0118.jpg,104,38,126,38,airplane
image_0013.jpg,213,23,397,278,face
image_0204.jpg,32,19,233,162,motorcycle
image_0228.jpg,146,7,343,282,face
image_0208.jpg,146,15,349,285,face
image_0189.jpg,55,30,347,131,airplane
image_0089.jpg,129,13,335,266,face
image_0504.jpg,57,29,348,114,airplane
image_0197.jpg,52,27,346,112,airplane
image_0214.jpg,266,44,462,310,face
image_0233.jpg,41,26,231,135,motorcycle
image_0101.jpg,48,4,348,165,airplane
image_0366.jpg,125,7,355,273,face
image_0610.jpg,49,25,347,112,airplane
image_0679.jpg,35,26,227,134,motorcycle
image_0436.jpg,51,27,348,104,airplane
image_0499.jpg,49,25,349,136,airplane
image_0428.jpg,45,25,220,125,motorcycle
image_0351.jpg,34,66,228,196,motorcycle
image_0074.jpg,116,12,306,242,face
image_0537.jpg,37,37,230,163,motorcycle
image_0071.jpg,54,42,360,152,airplane
image_0318.jpg,44,36,350,153,airplane
image_0356.jpg,53,33,350,116,airplane
image_0149.jpg,54,32,348,124,airplane
image_0598.jpg,52,28,347,114,airplane
image_0252.jpg,210,56,438,332,face
image_0137.jpg,33,22,231,144,motorcycle
image_0046.jpg,210,18,403,300,face
image_0370.jpg,39,29,234,153,motorcycle
image_0336.jpg,38,27,224,142,motorcycle
image_0764.jpg,34,29,230,139,motorcycle
image_0299.jpg,40,21,226,131,motorcycle
image_0504.jpg,43,23,222,123,motorcycle
image_0174.jpg,35,22,225,147,motorcycle
image_0025.jpg,56,31,342,140,airplane
image_0407.jpg,34,16,232,108,motorcycle
image_0255.jpg,120,59,327,335,face
image_0388.jpg,195,33,378,275,face
image_0125.jpg,140,14,347,294,face
image_0086.jpg,33,24,230,120,motorcycle
image_0260.jpg,78,55,356,114,airplane
image_0055.jpg,247,19,432,286,face
image_0621.jpg,24,23,228,149,motorcycle
image_0728.jpg,49,52,225,150,motorcycle
image_0582.jpg,53,30,350,110,airplane
image_0354.jpg,137,16,344,245,face
image_0217.jpg,51,32,348,142,airplane
image_0139.jpg,213,15,402,280,face
image_0267.jpg,123,14,325,246,face
image_0086.jpg,50,32,344,112,airplane
image_0411.jpg,57,27,355,91,airplane
image_0705.jpg,52,27,350,112,airplane
image_0112.jpg,62,22,339,139,airplane
image_0373.jpg,32,24,228,132,motorcycle
image_0416.jpg,52,31,351,127,airplane
image_0440.jpg,38,24,224,127,motorcycle
image_0385.jpg,36,32,227,146,motorcycle
image_0408.jpg,70,86,347,167,airplane
image_0252.jpg,66,33,351,135,airplane
image_0372.jpg,82,28,305,299,face
image_0103.jpg,32,27,230,151,motorcycle
image_0368.jpg,174,6,409,280,face
image_0064.jpg,65,25,252,294,face
image_0745.jpg,51,27,349,116,airplane
image_0634.jpg,51,33,343,124,airplane
image_0360.jpg,57,31,344,112,airplane
image_0121.jpg,32,18,230,128,motorcycle
image_0571.jpg,35,26,227,130,motorcycle
image_0309.jpg,88,27,284,310,face
image_0004.jpg,102,55,303,328,face
image_0250.jpg,76,31,340,148,airplane
image_0034.jpg,96,5,298,266,face
image_0750.jpg,36,58,229,174,motorcycle
image_0100.jpg,46,8,343,167,airplane
image_0410.jpg,50,26,345,115,airplane
image_0312.jpg,147,22,322,278,face
image_0749.jpg,32,24,229,145,motorcycle
image_0178.jpg,34,23,226,142,motorcycle
image_0659.jpg,55,32,353,130,airplane
image_0681.jpg,48,24,348,111,airplane
image_0218.jpg,49,30,349,119,airplane
image_0097.jpg,30,33,227,175,motorcycle
image_0431.jpg,36,20,226,133,motorcycle
image_0295.jpg,222,15,409,284,face
image_0539.jpg,50,29,346,126,airplane
image_0583.jpg,56,27,352,114,airplane
image_0300.jpg,31,14,231,138,motorcycle
image_0251.jpg,57,40,345,112,airplane
image_0305.jpg,241,35,437,301,face
image_0282.jpg,48,29,351,113,airplane
image_0720.jpg,50,31,352,118,airplane
image_0162.jpg,35,22,235,135,motorcycle
image_0162.jpg,238,80,428,333,face
image_0168.jpg,240,30,480,314,face
image_0456.jpg,60,32,359,141,airplane
image_0469.jpg,36,27,226,136,motorcycle
image_0432.jpg,36,27,227,142,motorcycle
image_0739.jpg,42,27,346,137,airplane
image_0425.jpg,118,6,329,257,face
image_0058.jpg,180,26,363,294,face
image_0538.jpg,38,47,225,158,motorcycle
image_0353.jpg,39,36,226,147,motorcycle
image_0130.jpg,52,7,268,293,face
image_0780.jpg,34,20,224,118,motorcycle
image_0487.jpg,53,27,347,117,airplane
image_0786.jpg,36,22,230,135,motorcycle
image_0274.jpg,32,7,230,151,motorcycle
image_0225.jpg,48,31,350,112,airplane
image_0740.jpg,47,30,220,129,motorcycle
image_0696.jpg,58,27,347,118,airplane
image_0017.jpg,147,13,331,268,face
image_0164.jpg,50,29,341,143,airplane
image_0334.jpg,52,32,348,121,airplane
image_0400.jpg,29,18,231,131,motorcycle
image_0109.jpg,31,21,230,137,motorcycle
image_0461.jpg,37,23,225,136,motorcycle
image_0161.jpg,247,79,438,318,face
image_0577.jpg,32,75,228,177,motorcycle
image_0019.jpg,32,16,232,130,motorcycle
image_0379.jpg,55,9,271,281,face
image_0250.jpg,27,22,232,127,motorcycle
image_0589.jpg,35,21,227,143,motorcycle
image_0496.jpg,37,48,222,146,motorcycle
image_0730.jpg,38,27,237,135,motorcycle
image_0326.jpg,35,21,231,145,motorcycle
image_0774.jpg,33,23,230,132,motorcycle
image_0147.jpg,51,29,334,120,airplane
image_0191.jpg,33,26,225,146,motorcycle
image_0519.jpg,48,27,346,116,airplane
image_0536.jpg,51,26,349,117,airplane
image_0754.jpg,35,24,229,136,motorcycle
image_0678.jpg,34,41,231,150,motorcycle
image_0343.jpg,114,24,358,270,face
image_0275.jpg,54,27,343,93,airplane
image_0122.jpg,32,20,231,126,motorcycle
image_0541.jpg,51,26,350,123,airplane
image_0237.jpg,129,14,310,266,face
image_0575.jpg,48,43,221,138,motorcycle
image_0023.jpg,159,21,355,264,face
image_0308.jpg,53,27,340,105,airplane
image_0200.jpg,254,40,454,308,face
image_0687.jpg,30,18,230,134,motorcycle
image_0289.jpg,158,29,347,298,face
image_0797.jpg,48,54,211,150,motorcycle
image_0421.jpg,36,23,228,138,motorcycle
image_0018.jpg,32,14,232,135,motorcycle
image_0662.jpg,36,25,225,137,motorcycle
image_0570.jpg,66,38,357,173,airplane
image_0011.jpg,58,35,344,130,airplane
image_0180.jpg,51,33,350,123,airplane
image_0349.jpg,146,25,345,256,face
image_0429.jpg,46,23,221,125,motorcycle
image_0050.jpg,61,42,338,126,airplane
image_0306.jpg,40,7,348,138,airplane
image_0033.jpg,49,29,339,133,airplane
image_0384.jpg,56,31,353,120,airplane
image_0181.jpg,128,3,350,271,face
image_0780.jpg,81,25,350,131,airplane
image_0591.jpg,55,28,350,111,airplane
image_0468.jpg,60,36,361,150,airplane
image_0791.jpg,58,34,352,154,airplane
image_0422.jpg,138,15,335,269,face
image_0536.jpg,32,69,228,169,motorcycle
image_0495.jpg,55,31,352,140,airplane
image_0774.jpg,58,54,346,112,airplane
image_0682.jpg,2,28,198,138,motorcycle
image_0632.jpg,42,25,223,124,motorcycle
image_0486.jpg,57,55,342,118,airplane
image_0794.jpg,47,44,218,133,motorcycle
image_0216.jpg,39,31,225,136,motorcycle
image_0396.jpg,34,20,230,128,motorcycle
image_0293.jpg,51,26,243,292,face
image_0207.jpg,37,22,229,132,motorcycle
image_0405.jpg,34,14,229,107,motorcycle
image_0454.jpg,53,32,350,125,airplane
image_0361.jpg,145,7,390,280,face
image_0614.jpg,36,22,230,128,motorcycle
image_0769.jpg,48,24,347,140,airplane
image_0246.jpg,179,27,401,318,face
image_0053.jpg,32,18,232,125,motorcycle
image_0605.jpg,36,54,228,170,motorcycle
image_0256.jpg,39,16,234,117,motorcycle
image_0771.jpg,36,30,231,121,motorcycle
image_0401.jpg,53,24,348,93,airplane
image_0120.jpg,131,19,335,285,face
image_0012.jpg,49,25,344,122,airplane
image_0548.jpg,49,27,345,107,airplane
image_0343.jpg,60,27,349,105,airplane
image_0552.jpg,46,44,218,145,motorcycle
image_0280.jpg,146,15,387,286,face
image_0559.jpg,51,27,347,119,airplane
image_0194.jpg,50,63,341,131,airplane
image_0692.jpg,33,18,231,126,motorcycle
image_0516.jpg,37,46,219,152,motorcycle
image_0694.jpg,35,23,216,134,motorcycle
image_0039.jpg,34,23,235,143,motorcycle
image_0312.jpg,65,33,355,128,airplane
image_0482.jpg,56,26,349,136,airplane
image_0160.jpg,33,25,231,145,motorcycle
image_0237.jpg,47,26,232,136,motorcycle
image_0562.jpg,58,35,354,155,airplane
image_0634.jpg,36,50,226,141,motorcycle
image_0152.jpg,157,32,358,307,face
image_0793.jpg,45,49,220,154,motorcycle
image_0279.jpg,42,30,347,130,airplane
image_0126.jpg,35,20,229,126,motorcycle
image_0127.jpg,113,9,286,239,face
image_0778.jpg,53,26,353,113,airplane
image_0434.jpg,57,30,353,112,airplane
image_0781.jpg,68,39,364,154,airplane
image_0050.jpg,98,21,290,297,face
image_0653.jpg,55,31,347,109,airplane
image_0551.jpg,48,24,345,101,airplane
image_0342.jpg,36,31,225,137,motorcycle
image_0779.jpg,27,27,350,117,airplane
image_0361.jpg,39,35,227,150,motorcycle
image_0586.jpg,51,28,345,124,airplane
image_0151.jpg,233,23,416,270,face
image_0747.jpg,39,38,222,148,motorcycle
image_0037.jpg,51,33,345,138,airplane
image_0158.jpg,182,41,384,321,face
image_0707.jpg,60,33,357,136,airplane
image_0263.jpg,89,79,344,194,airplane
image_0666.jpg,51,25,349,132,airplane
image_0091.jpg,48,28,345,146,airplane
image_0108.jpg,271,51,466,317,face
image_0385.jpg,60,31,346,136,airplane
image_0468.jpg,42,22,223,122,motorcycle
image_0382.jpg,37,31,229,150,motorcycle
image_0288.jpg,37,28,224,154,motorcycle
image_0352.jpg,125,2,336,257,face
image_0060.jpg,171,25,359,297,face
image_0421.jpg,181,15,395,270,face
image_0374.jpg,175,17,393,286,face
image_0087.jpg,129,18,327,252,face
image_0478.jpg,76,28,340,138,airplane
image_0515.jpg,55,23,349,108,airplane
image_0158.jpg,30,23,231,149,motorcycle
image_0440.jpg,57,29,356,116,airplane
image_0134.jpg,42,27,343,99,airplane
image_0463.jpg,61,30,353,119,airplane
image_0444.jpg,35,21,229,126,motorcycle
image_0090.jpg,57,32,343,163,airplane
image_0410.jpg,167,34,357,283,face
image_0196.jpg,184,40,383,308,face
image_0675.jpg,56,30,344,116,airplane
image_0251.jpg,100,26,327,316,face
image_0088.jpg,33,16,229,120,motorcycle
image_0225.jpg,139,10,324,268,face
image_0199.jpg,79,43,352,152,airplane
image_0324.jpg,63,43,354,150,airplane
image_0482.jpg,37,23,223,122,motorcycle
image_0382.jpg,59,26,353,116,airplane
image_0686.jpg,55,29,351,131,airplane
image_0285.jpg,61,33,351,127,airplane
image_0690.jpg,54,31,350,148,airplane
image_0712.jpg,50,27,347,119,airplane
image_0024.jpg,143,11,333,254,face
image_0024.jpg,48,25,344,106,airplane
image_0319.jpg,33,20,230,155,motorcycle
image_0066.jpg,37,25,233,150,motorcycle
image_0627.jpg,70,36,334,128,airplane
image_0329.jpg,51,27,354,121,airplane
image_0411.jpg,155,32,335,267,face
image_0080.jpg,32,12,230,125,motorcycle
image_0531.jpg,35,37,225,151,motorcycle
image_0401.jpg,246,31,444,286,face
image_0290.jpg,26,19,230,140,motorcycle
image_0339.jpg,124,34,392,291,face
image_0127.jpg,32,22,231,143,motorcycle
image_0435.jpg,213,20,418,269,face
image_0048.jpg,32,15,231,115,motorcycle
image_0076.jpg,49,33,342,147,airplane
image_0500.jpg,29,17,231,141,motorcycle
image_0425.jpg,37,22,226,137,motorcycle
image_0087.jpg,35,16,231,109,motorcycle
image_0660.jpg,32,25,228,164,motorcycle
image_0240.jpg,37,22,233,150,motorcycle
image_0510.jpg,57,30,352,125,airplane
image_0672.jpg,51,26,345,114,airplane
image_0444.jpg,46,30,344,96,airplane
image_0202.jpg,51,33,273,60,airplane
image_0662.jpg,48,24,347,108,airplane
image_0149.jpg,31,24,229,139,motorcycle
image_0012.jpg,233,18,432,280,face
image_0181.jpg,35,30,230,137,motorcycle
image_0663.jpg,34,17,230,119,motorcycle
image_0057.jpg,222,19,409,300,face
image_0344.jpg,54,29,349,147,airplane
image_0680.jpg,36,24,229,151,motorcycle
image_0644.jpg,40,27,219,140,motorcycle
image_0098.jpg,69,11,339,164,airplane
image_0757.jpg,42,46,226,146,motorcycle
image_0358.jpg,128,14,324,239,face
image_0063.jpg,35,24,232,143,motorcycle
image_0199.jpg,33,22,230,146,motorcycle
image_0290.jpg,43,34,354,133,airplane
image_0635.jpg,55,29,349,111,airplane
image_0732.jpg,35,50,228,158,motorcycle
image_0070.jpg,58,34,345,156,airplane
image_0070.jpg,33,23,232,148,motorcycle
image_0345.jpg,115,21,357,268,face
image_0618.jpg,40,48,221,145,motorcycle
image_0151.jpg,32,21,230,118,motorcycle
image_0421.jpg,57,29,350,139,airplane
image_0493.jpg,34,23,227,128,motorcycle
image_0143.jpg,59,33,349,128,airplane
image_0364.jpg,64,29,350,134,airplane
image_0260.jpg,35,21,234,148,motorcycle
image_0535.jpg,34,22,225,128,motorcycle
image_0088.jpg,177,35,375,274,face
image_0310.jpg,32,11,230,124,motorcycle
image_0715.jpg,51,28,348,138,airplane
image_0273.jpg,107,3,329,243,face
image_0613.jpg,35,27,230,165,motorcycle
image_0658.jpg,41,26,353,109,airplane
image_0521.jpg,51,28,349,132,airplane
image_0049.jpg,234,20,430,302,face
image_0357.jpg,53,28,341,102,airplane
image_0516.jpg,50,25,348,112,airplane
image_0487.jpg,36,22,222,128,motorcycle
image_0416.jpg,43,21,226,136,motorcycle
image_0167.jpg,46,39,259,281,face
image_0574.jpg,37,61,225,150,motorcycle
image_0203.jpg,256,30,461,308,face
image_0141.jpg,33,18,230,118,motorcycle
image_0476.jpg,37,31,226,149,motorcycle
image_0142.jpg,33,20,231,150,motorcycle
image_0104.jpg,53,13,344,184,airplane
image_0558.jpg,51,32,348,126,airplane
image_0507.jpg,38,28,235,142,motorcycle
image_0006.jpg,48,24,344,126,airplane
image_0224.jpg,34,26,228,149,motorcycle
image_0758.jpg,38,39,224,148,motorcycle
image_0225.jpg,30,20,234,153,motorcycle
image_0765.jpg,37,46,229,163,motorcycle
image_0554.jpg,36,27,224,129,motorcycle
image_0523.jpg,33,24,229,143,motorcycle
image_0183.jpg,43,28,344,112,airplane
image_0397.jpg,52,27,348,118,airplane
image_0783.jpg,35,36,229,134,motorcycle
image_0717.jpg,24,28,349,124,airplane
image_0025.jpg,29,18,231,134,motorcycle
image_0130.jpg,45,30,342,118,airplane
image_0770.jpg,36,23,230,135,motorcycle
image_0396.jpg,213,14,409,298,face
image_0279.jpg,38,4,232,139,motorcycle
image_0765.jpg,50,26,352,90,airplane
image_0383.jpg,71,22,296,301,face
image_0244.jpg,210,33,433,320,face
image_0253.jpg,167,30,380,308,face
image_0743.jpg,61,38,354,135,airplane
image_0253.jpg,34,29,225,158,motorcycle
image_0297.jpg,234,32,412,285,face
image_0052.jpg,57,23,347,143,airplane
image_0078.jpg,102,4,295,232,face
image_0100.jpg,31,17,231,122,motorcycle
image_0275.jpg,125,4,348,254,face
image_0459.jpg,57,25,346,114,airplane
image_0592.jpg,51,28,344,117,airplane
image_0377.jpg,180,10,413,290,face
image_0063.jpg,183,22,369,295,face
image_0779.jpg,34,22,226,112,motorcycle
image_0381.jpg,49,31,352,119,airplane
image_0011.jpg,31,19,233,135,motorcycle
image_0159.jpg,235,92,422,328,face
image_0788.jpg,51,29,347,123,airplane
image_0625.jpg,36,25,226,138,motorcycle
image_0244.jpg,38,15,234,116,motorcycle
image_0475.jpg,59,72,328,164,airplane
image_0389.jpg,54,30,351,125,airplane
image_0484.jpg,70,75,354,139,airplane
image_0776.jpg,37,21,230,148,motorcycle
image_0505.jpg,39,23,224,132,motorcycle
image_0270.jpg,27,8,230,123,motorcycle
image_0412.jpg,37,25,218,146,motorcycle
image_0478.jpg,39,23,223,122,motorcycle
image_0719.jpg,55,27,344,117,airplane
image_0790.jpg,37,37,226,135,motorcycle
image_0629.jpg,58,31,344,114,airplane
image_0363.jpg,58,33,342,120,airplane
image_0200.jpg,56,31,346,135,airplane
image_0163.jpg,66,35,340,93,airplane
image_0371.jpg,55,28,350,131,airplane
image_0035.jpg,33,22,234,136,motorcycle
image_0234.jpg,52,31,345,146,airplane
image_0184.jpg,34,24,226,133,motorcycle
image_0334.jpg,126,21,395,305,face
image_0334.jpg,29,8,233,144,motorcycle
image_0177.jpg,73,7,326,334,face
image_0589.jpg,54,28,345,128,airplane
image_0145.jpg,40,17,218,108,motorcycle
image_0222.jpg,219,12,418,293,face
image_0021.jpg,33,20,231,135,motorcycle
image_0679.jpg,49,24,344,113,airplane
image_0494.jpg,38,23,226,139,motorcycle
image_0415.jpg,154,32,347,284,face
image_0351.jpg,62,37,347,127,airplane
image_0326.jpg,44,30,351,147,airplane
image_0231.jpg,28,13,231,149,motorcycle
image_0288.jpg,57,27,348,112,airplane
image_0084.jpg,43,21,244,251,face
image_0255.jpg,38,27,236,144,motorcycle
image_0081.jpg,134,26,325,250,face
image_0642.jpg,50,29,348,121,airplane
image_0217.jpg,34,35,228,167,motorcycle
image_0227.jpg,38,24,226,143,motorcycle
image_0724.jpg,49,27,350,120,airplane
image_0384.jpg,36,24,223,123,motorcycle
image_0113.jpg,49,28,328,122,airplane
image_0365.jpg,152,20,367,266,face
image_0082.jpg,179,21,374,249,face
image_0264.jpg,74,9,265,305,face
image_0543.jpg,43,29,345,120,airplane
image_0712.jpg,33,29,219,144,motorcycle
image_0358.jpg,39,29,224,124,motorcycle
image_0435.jpg,48,29,353,100,airplane
image_0072.jpg,59,78,341,171,airplane
image_0116.jpg,35,21,230,147,motorcycle
image_0264.jpg,54,36,335,116,airplane
image_0706.jpg,34,23,214,143,motorcycle
image_0331.jpg,40,28,228,161,motorcycle
image_0269.jpg,125,20,345,261,face
image_0667.jpg,36,31,220,139,motorcycle
image_0044.jpg,32,25,235,146,motorcycle
image_0161.jpg,35,31,233,155,motorcycle
image_0338.jpg,11,24,278,291,face
image_0002.jpg,59,35,342,153,airplane
image_0163.jpg,269,84,470,333,face
image_0264.jpg,33,26,228,150,motorcycle
image_0403.jpg,145,17,334,266,face
image_0738.jpg,51,29,351,119,airplane
image_0132.jpg,35,16,229,115,motorcycle
image_0414.jpg,39,24,222,136,motorcycle
image_0318.jpg,33,39,224,161,motorcycle
image_0372.jpg,52,32,354,122,airplane
image_0423.jpg,127,11,335,271,face
image_0688.jpg,40,32,229,155,motorcycle
image_0596.jpg,54,26,345,104,airplane
image_0548.jpg,42,37,217,140,motorcycle
image_0339.jpg,48,26,344,106,airplane
image_0140.jpg,164,23,348,287,face
image_0294.jpg,38,38,235,138,motorcycle
image_0700.jpg,49,26,348,120,airplane
image_0546.jpg,50,25,347,110,airplane
image_0462.jpg,40,23,225,133,motorcycle
image_0298.jpg,41,26,226,159,motorcycle
image_0301.jpg,36,13,230,148,motorcycle
image_0383.jpg,36,35,227,147,motorcycle
image_0005.jpg,31,19,232,145,motorcycle
image_0413.jpg,41,22,225,134,motorcycle
image_0396.jpg,60,33,361,131,airplane
image_0633.jpg,57,34,347,134,airplane
image_0179.jpg,32,20,229,121,motorcycle
image_0542.jpg,48,25,346,112,airplane
image_0213.jpg,51,32,349,149,airplane
image_0156.jpg,32,32,232,154,motorcycle
image_0377.jpg,36,24,222,145,motorcycle
image_0608.jpg,49,33,349,107,airplane
image_0323.jpg,175,27,364,305,face
image_0022.jpg,49,30,344,130,airplane
image_0566.jpg,33,33,225,123,motorcycle
image_0206.jpg,39,16,236,141,motorcycle
image_0413.jpg,228,37,423,284,face
image_0641.jpg,33,23,226,128,motorcycle
image_0123.jpg,57,32,351,125,airplane
image_0405.jpg,54,32,354,146,airplane
image_0746.jpg,54,29,350,114,airplane
image_0214.jpg,39,35,227,122,motorcycle
image_0269.jpg,72,39,350,140,airplane
image_0096.jpg,35,19,229,126,motorcycle
image_0585.jpg,54,28,348,116,airplane
image_0350.jpg,120,37,328,282,face
image_0036.jpg,49,6,347,166,airplane
image_0481.jpg,50,27,349,133,airplane
image_0263.jpg,80,14,263,292,face
image_0296.jpg,66,39,361,144,airplane
image_0544.jpg,48,23,345,103,airplane
image_0718.jpg,38,50,224,171,motorcycle
image_0077.jpg,36,31,234,142,motorcycle
image_0403.jpg,49,27,346,122,airplane
image_0505.jpg,55,25,347,112,airplane
image_0117.jpg,62,20,239,250,face
image_0624.jpg,38,21,229,113,motorcycle
image_0415.jpg,51,36,351,135,airplane
image_0709.jpg,51,30,345,118,airplane
image_0160.jpg,241,75,431,332,face
image_0520.jpg,56,25,348,109,airplane
image_0242.jpg,49,37,343,115,airplane
image_0183.jpg,34,46,230,161,motorcycle
image_0701.jpg,51,27,348,122,airplane
image_0104.jpg,205,54,399,318,face
image_0238.jpg,38,24,234,150,motorcycle
image_0502.jpg,35,43,222,150,motorcycle
image_0768.jpg,51,29,345,132,airplane
image_0038.jpg,47,4,347,106,airplane
image_0271.jpg,107,75,269,279,face
image_0053.jpg,253,15,456,298,face
image_0349.jpg,52,31,344,114,airplane
image_0259.jpg,70,36,353,110,airplane
image_0541.jpg,36,27,218,146,motorcycle
image_0341.jpg,40,24,223,147,motorcycle
image_0033.jpg,31,23,231,154,motorcycle
image_0154.jpg,26,30,345,110,airplane
image_0469.jpg,42,26,348,114,airplane
image_0212.jpg,188,38,376,300,face
image_0107.jpg,52,39,343,147,airplane
image_0280.jpg,38,12,240,155,motorcycle
image_0338.jpg,32,21,232,146,motorcycle
image_0733.jpg,42,33,356,147,airplane
image_0411.jpg,33,17,228,127,motorcycle
image_0575.jpg,49,27,347,113,airplane
image_0480.jpg,39,25,222,139,motorcycle
image_0699.jpg,49,28,346,116,airplane
image_0319.jpg,135,10,314,267,face
image_0181.jpg,52,30,344,127,airplane
image_0675.jpg,39,27,234,147,motorcycle
image_0338.jpg,56,30,346,134,airplane
image_0643.jpg,36,31,223,156,motorcycle
image_0218.jpg,225,21,412,285,face
image_0551.jpg,39,20,218,128,motorcycle
image_0637.jpg,52,27,349,120,airplane
image_0294.jpg,153,26,350,300,face
image_0513.jpg,52,27,346,124,airplane
image_0173.jpg,34,26,229,147,motorcycle
image_0529.jpg,36,23,227,141,motorcycle
image_0532.jpg,36,39,226,150,motorcycle
image_0739.jpg,38,53,229,165,motorcycle
image_0707.jpg,33,46,229,145,motorcycle
image_0755.jpg,38,18,232,130,motorcycle
image_0586.jpg,33,23,226,144,motorcycle
image_0041.jpg,34,23,234,149,motorcycle
image_0545.jpg,34,27,349,127,airplane
image_0547.jpg,46,25,350,120,airplane
image_0397.jpg,35,52,228,162,motorcycle
image_0448.jpg,34,25,225,135,motorcycle
image_0178.jpg,98,5,308,245,face
image_0245.jpg,33,25,230,157,motorcycle
image_0428.jpg,183,46,403,309,face
image_0337.jpg,57,29,348,118,airplane
image_0276.jpg,176,2,412,255,face
image_0650.jpg,37,18,228,110,motorcycle
image_0108.jpg,32,21,233,137,motorcycle
image_0367.jpg,56,31,349,112,airplane
image_0742.jpg,32,75,231,173,motorcycle
image_0306.jpg,199,10,384,285,face
image_0460.jpg,56,17,352,123,airplane
image_0222.jpg,40,37,350,161,airplane
image_0304.jpg,35,36,233,140,motorcycle
image_0433.jpg,44,24,351,85,airplane
image_0680.jpg,50,25,346,114,airplane
image_0354.jpg,57,36,348,142,airplane
image_0064.jpg,46,37,342,140,airplane
image_0602.jpg,37,58,228,167,motorcycle
image_0305.jpg,34,25,232,127,motorcycle
image_0424.jpg,35,25,225,141,motorcycle
image_0766.jpg,69,24,351,110,airplane
image_0744.jpg,50,26,346,114,airplane
image_0191.jpg,138,4,389,320,face
image_0327.jpg,187,38,444,297,face
image_0627.jpg,36,24,226,142,motorcycle
image_0473.jpg,39,21,226,124,motorcycle
image_0643.jpg,48,25,344,98,airplane
image_0503.jpg,64,29,353,123,airplane
image_0023.jpg,50,23,341,121,airplane
image_0207.jpg,271,33,473,306,face
image_0503.jpg,32,12,234,143,motorcycle
image_0646.jpg,61,33,348,151,airplane
image_0060.jpg,54,17,339,127,airplane
image_0115.jpg,32,20,241,283,face
image_0563.jpg,38,20,227,119,motorcycle
image_0457.jpg,38,23,223,116,motorcycle
image_0211.jpg,99,38,302,307,face
image_0313.jpg,40,27,344,125,airplane
image_0254.jpg,35,29,232,148,motorcycle
image_0122.jpg,176,15,379,275,face
image_0102.jpg,32,18,230,152,motorcycle
image_0555.jpg,40,26,231,143,motorcycle
image_0232.jpg,56,36,352,111,airplane
image_0674.jpg,50,28,345,117,airplane
image_0035.jpg,93,13,293,258,face
image_0562.jpg,35,47,227,149,motorcycle
image_0483.jpg,37,23,226,127,motorcycle
image_0352.jpg,63,66,344,147,airplane
image_0431.jpg,119,16,327,262,face
image_0068.jpg,82,7,277,292,face
image_0040.jpg,47,29,344,146,airplane
image_0214.jpg,53,32,342,104,airplane
image_0460.jpg,40,17,226,109,motorcycle
image_0020.jpg,31,17,234,139,motorcycle
image_0716.jpg,38,59,226,162,motorcycle
image_0153.jpg,160,20,344,283,face
image_0196.jpg,53,26,344,133,airplane
image_0004.jpg,30,15,231,132,motorcycle
image_0412.jpg,54,26,359,124,airplane
image_0722.jpg,34,40,230,161,motorcycle
image_0785.jpg,59,31,351,145,airplane
image_0433.jpg,193,24,400,281,face
image_0620.jpg,36,32,213,136,motorcycle
image_0389.jpg,144,22,349,255,face
image_0287.jpg,21,13,217,130,motorcycle
image_0075.jpg,124,19,317,246,face
image_0493.jpg,48,22,349,83,airplane
image_0507.jpg,54,21,348,105,airplane
image_0169.jpg,182,14,406,288,face
image_0282.jpg,45,7,232,120,motorcycle
image_0669.jpg,53,32,348,120,airplane
image_0569.jpg,61,33,351,171,airplane
image_0314.jpg,137,9,302,257,face
image_0013.jpg,48,31,344,146,airplane
image_0230.jpg,174,23,374,307,face
image_0438.jpg,42,23,219,122,motorcycle
image_0501.jpg,54,25,350,129,airplane
image_0083.jpg,130,25,319,255,face
image_0096.jpg,179,92,370,353,face
image_0540.jpg,55,38,334,158,airplane
image_0027.jpg,53,25,348,123,airplane
image_0417.jpg,42,24,221,131,motorcycle
image_0111.jpg,58,34,339,132,airplane
image_0306.jpg,37,22,233,140,motorcycle
image_0795.jpg,44,38,216,135,motorcycle
image_0296.jpg,35,43,230,157,motorcycle
image_0606.jpg,57,32,351,102,airplane
image_0346.jpg,58,21,228,130,motorcycle
image_0185.jpg,43,24,226,131,motorcycle
image_0134.jpg,34,22,226,133,motorcycle
image_0131.jpg,217,27,419,290,face
image_0619.jpg,31,81,230,171,motorcycle
image_0028.jpg,36,27,232,146,motorcycle
image_0147.jpg,75,25,259,283,face
image_0798.jpg,42,33,218,140,motorcycle
image_0458.jpg,35,22,229,128,motorcycle
image_0584.jpg,60,30,351,99,airplane
image_0387.jpg,34,58,226,153,motorcycle
image_0212.jpg,62,47,351,161,airplane
image_0139.jpg,41,26,346,98,airplane
image_0071.jpg,33,24,234,130,motorcycle
image_0523.jpg,57,27,350,122,airplane
image_0182.jpg,60,29,347,110,airplane
image_0159.jpg,60,36,343,176,airplane
image_0351.jpg,121,10,338,275,face
image_0133.jpg,53,63,335,138,airplane
image_0126.jpg,145,7,349,268,face
image_0651.jpg,63,29,354,112,airplane
image_0249.jpg,34,19,229,131,motorcycle
image_0376.jpg,42,27,347,135,airplane
image_0793.jpg,51,24,348,113,airplane
image_0517.jpg,49,25,348,117,airplane
image_0567.jpg,52,32,346,117,airplane
image_0345.jpg,35,23,231,132,motorcycle
image_0141.jpg,64,34,351,136,airplane
image_0176.jpg,61,28,350,126,airplane
image_0406.jpg,33,23,222,116,motorcycle
image_0451.jpg,40,23,220,120,motorcycle
image_0116.jpg,146,22,354,287,face
image_0644.jpg,50,30,349,140,airplane
image_0490.jpg,38,22,222,127,motorcycle
image_0261.jpg,144,15,331,258,face
image_0567.jpg,33,24,229,144,motorcycle
image_0731.jpg,39,56,228,157,motorcycle
image_0129.jpg,178,21,372,285,face
image_0070.jpg,122,16,320,253,face
image_0540.jpg,36,21,229,130,motorcycle
image_0186.jpg,111,4,317,252,face
image_0758.jpg,48,23,345,119,airplane
image_0143.jpg,41,25,224,137,motorcycle
image_0247.jpg,36,25,231,145,motorcycle
image_0332.jpg,195,35,483,318,face
image_0560.jpg,53,28,351,134,airplane
image_0721.jpg,49,22,347,111,airplane
image_0418.jpg,70,51,277,294,face
image_0009.jpg,116,27,299,303,face
image_0683.jpg,26,31,227,146,motorcycle
image_0745.jpg,29,24,228,136,motorcycle
image_0579.jpg,51,29,347,86,airplane
image_0691.jpg,35,22,229,151,motorcycle
image_0034.jpg,32,18,230,131,motorcycle
image_0381.jpg,41,29,228,135,motorcycle
image_0646.jpg,58,65,199,157,motorcycle
image_0136.jpg,34,18,230,113,motorcycle
image_0125.jpg,33,38,349,118,airplane
image_0787.jpg,31,18,232,132,motorcycle
image_0150.jpg,29,26,231,128,motorcycle
image_0528.jpg,55,25,344,121,airplane
image_0131.jpg,31,22,229,131,motorcycle
image_0760.jpg,51,28,347,144,airplane
image_0639.jpg,35,24,227,139,motorcycle
image_0676.jpg,57,36,346,120,airplane
image_0489.jpg,35,25,228,136,motorcycle
image_0189.jpg,34,26,234,137,motorcycle
image_0329.jpg,93,11,351,278,face
image_0785.jpg,33,21,231,130,motorcycle
image_0199.jpg,140,48,350,329,face
image_0751.jpg,51,32,351,140,airplane
image_0177.jpg,42,26,343,117,airplane
image_0079.jpg,32,1,231,139,motorcycle
image_0078.jpg,41,29,239,147,motorcycle
image_0510.jpg,42,38,226,157,motorcycle
image_0630.jpg,54,34,348,137,airplane
image_0122.jpg,61,38,355,139,airplane
image_0720.jpg,39,47,225,166,motorcycle
image_0252.jpg,36,25,229,142,motorcycle
image_0280.jpg,50,40,345,139,airplane
image_0617.jpg,37,40,220,143,motorcycle
image_0307.jpg,152,4,333,271,face
image_0550.jpg,49,23,346,107,airplane
image_0474.jpg,51,28,345,123,airplane
image_0301.jpg,175,37,359,299,face
image_0630.jpg,34,42,230,133,motorcycle
image_0708.jpg,38,30,227,148,motorcycle
image_0226.jpg,38,10,236,128,motorcycle
image_0606.jpg,36,26,223,153,motorcycle
image_0729.jpg,54,31,351,134,airplane
image_0365.jpg,33,23,229,140,motorcycle
image_0008.jpg,31,17,232,125,motorcycle
image_0555.jpg,66,39,361,156,airplane
image_0625.jpg,52,28,345,112,airplane
image_0011.jpg,77,13,264,285,face
image_0292.jpg,32,22,230,164,motorcycle
image_0110.jpg,54,13,345,138,airplane
image_0446.jpg,57,29,351,105,airplane
image_0362.jpg,138,12,376,272,face
image_0361.jpg,53,35,351,143,airplane
image_0066.jpg,178,22,365,299,face
image_0132.jpg,56,33,344,111,airplane
image_0240.jpg,203,30,389,289,face
image_0323.jpg,44,42,225,140,motorcycle
image_0324.jpg,216,13,386,257,face
image_0185.jpg,56,28,342,113,airplane
image_0041.jpg,48,30,335,138,airplane
image_0404.jpg,58,31,354,118,airplane
image_0303.jpg,38,22,233,141,motorcycle
image_0773.jpg,60,26,350,107,airplane
image_0573.jpg,51,27,350,113,airplane
image_0041.jpg,85,8,282,257,face
image_0038.jpg,32,18,233,137,motorcycle
image_0511.jpg,33,21,229,134,motorcycle
image_0195.jpg,34,20,231,140,motorcycle
image_0239.jpg,99,14,291,288,face
image_0219.jpg,44,40,348,134,airplane
image_0424.jpg,54,27,347,100,airplane
image_0158.jpg,56,31,349,112,airplane
image_0784.jpg,57,28,351,119,airplane
image_0047.jpg,32,18,232,133,motorcycle
image_0102.jpg,49,25,343,109,airplane
image_0149.jpg,175,37,365,295,face
image_0327.jpg,36,25,232,167,motorcycle
image_0135.jpg,33,22,230,125,motorcycle
image_0121.jpg,32,32,349,156,airplane
image_0333.jpg,162,47,414,302,face
image_0101.jpg,33,22,231,149,motorcycle
image_0506.jpg,62,25,349,114,airplane
image_0219.jpg,195,27,385,280,face
image_0029.jpg,30,22,230,134,motorcycle
image_0049.jpg,57,39,347,175,airplane
image_0681.jpg,36,30,228,156,motorcycle
image_0597.jpg,52,40,213,132,motorcycle
image_0359.jpg,37,22,225,150,motorcycle
image_0472.jpg,48,31,350,127,airplane
image_0010.jpg,55,32,335,106,airplane
image_0204.jpg,257,22,458,303,face
image_0566.jpg,51,29,346,107,airplane
image_0314.jpg,63,84,344,165,airplane
image_0124.jpg,37,21,229,144,motorcycle
image_0210.jpg,244,15,447,296,face
image_0730.jpg,52,28,350,121,airplane
image_0093.jpg,34,25,228,120,motorcycle
image_0353.jpg,61,34,350,142,airplane
image_0494.jpg,59,30,354,129,airplane
image_0168.jpg,37,20,228,134,motorcycle
image_0685.jpg,42,29,222,135,motorcycle
image_0081.jpg,31,2,233,140,motorcycle
image_0530.jpg,48,24,345,128,airplane
image_0339.jpg,40,30,225,146,motorcycle
image_0309.jpg,67,43,367,127,airplane
image_0754.jpg,50,26,347,121,airplane
image_0747.jpg,49,29,350,128,airplane
image_0689.jpg,54,25,348,119,airplane
image_0258.jpg,48,31,340,154,airplane
image_0171.jpg,201,6,440,300,face
image_0058.jpg,33,24,237,148,motorcycle
image_0193.jpg,60,28,348,137,airplane
image_0355.jpg,60,48,355,136,airplane
image_0640.jpg,48,76,220,180,motorcycle
image_0091.jpg,34,23,230,129,motorcycle
image_0479.jpg,36,24,228,144,motorcycle
image_0430.jpg,117,15,330,271,face
image_0378.jpg,58,27,347,128,airplane
image_0408.jpg,155,28,339,274,face
image_0046.jpg,61,24,346,148,airplane
image_0689.jpg,37,36,222,136,motorcycle
image_0317.jpg,51,9,224,254,face
image_0262.jpg,85,81,322,412,airplane
image_0333.jpg,49,27,350,128,airplane
image_0106.jpg,281,73,483,353,face
image_0467.jpg,46,27,351,127,airplane
image_0549.jpg,53,26,347,117,airplane
image_0331.jpg,71,41,347,146,airplane
image_0327.jpg,50,27,350,116,airplane
image_0014.jpg,32,18,233,126,motorcycle
image_0088.jpg,57,52,354,146,airplane
image_0559.jpg,35,8,226,139,motorcycle
image_0572.jpg,33,50,215,138,motorcycle
image_0105.jpg,44,41,349,165,airplane
image_0623.jpg,64,45,343,118,airplane
image_0348.jpg,52,26,353,112,airplane
image_0198.jpg,48,28,348,141,airplane
image_0427.jpg,139,15,353,276,face
image_0227.jpg,40,34,346,138,airplane
image_0410.jpg,30,21,226,138,motorcycle
image_0572.jpg,53,26,344,112,airplane
image_0028.jpg,144,10,337,253,face
image_0624.jpg,54,25,346,123,airplane
image_0527.jpg,34,21,230,129,motorcycle
image_0309.jpg,35,24,227,146,motorcycle
image_0439.jpg,54,32,361,115,airplane
image_0006.jpg,32,20,231,142,motorcycle
image_0066.jpg,52,39,344,109,airplane
image_0184.jpg,126,2,357,293,face
image_0251.jpg,36,25,220,144,motorcycle
image_0671.jpg,48,28,344,116,airplane
image_0297.jpg,64,28,345,126,airplane
image_0348.jpg,38,26,229,144,motorcycle
image_0143.jpg,232,21,416,265,face
image_0257.jpg,38,29,223,156,motorcycle
image_0054.jpg,63,43,324,169,airplane
image_0330.jpg,38,33,235,148,motorcycle
image_0044.jpg,63,29,333,132,airplane
image_0273.jpg,66,25,349,124,airplane
image_0346.jpg,52,20,345,116,airplane
image_0221.jpg,55,38,358,145,airplane
image_0488.jpg,58,35,358,146,airplane
image_0193.jpg,37,25,236,162,motorcycle
image_0517.jpg,44,26,219,127,motorcycle
image_0502.jpg,50,24,349,121,airplane
image_0466.jpg,55,31,348,138,airplane
image_0304.jpg,197,30,384,288,face
image_0270.jpg,116,3,338,242,face
image_0524.jpg,36,23,230,136,motorcycle
image_0768.jpg,34,20,228,123,motorcycle
image_0153.jpg,37,32,235,158,motorcycle
image_0561.jpg,56,26,351,116,airplane
image_0407.jpg,197,36,395,289,face
image_0576.jpg,35,34,231,129,motorcycle
image_0220.jpg,148,14,352,296,face
image_0714.jpg,53,28,349,113,airplane
image_0376.jpg,35,8,273,295,face
image_0056.jpg,71,28,326,116,airplane
image_0470.jpg,48,28,346,137,airplane
image_0001.jpg,251,15,444,300,face
image_0362.jpg,61,34,359,121,airplane
image_0105.jpg,35,15,232,132,motorcycle
image_0099.jpg,34,22,230,116,motorcycle
image_0790.jpg,55,31,351,105,airplane
image_0654.jpg,32,35,228,145,motorcycle
image_0121.jpg,166,19,387,305,face
image_0525.jpg,56,26,353,115,airplane
image_0420.jpg,124,10,342,269,face
image_0464.jpg,40,25,223,125,motorcycle
image_0089.jpg,46,7,347,148,airplane
image_0628.jpg,60,31,346,117,airplane
image_0610.jpg,38,25,225,139,motorcycle
image_0311.jpg,21,32,220,155,motorcycle
image_0239.jpg,65,33,356,148,airplane
image_0352.jpg,38,28,226,135,motorcycle
image_0694.jpg,51,27,347,122,airplane
image_0654.jpg,47,25,345,89,airplane
image_0652.jpg,36,25,228,125,motorcycle
image_0059.jpg,53,5,341,180,airplane
image_0581.jpg,35,27,227,156,motorcycle
image_0492.jpg,36,24,226,128,motorcycle
image_0236.jpg,34,22,229,138,motorcycle
image_0669.jpg,39,41,223,159,motorcycle
image_0649.jpg,51,26,352,98,airplane
image_0241.jpg,151,19,355,284,face
image_0035.jpg,49,17,332,128,airplane
image_0398.jpg,54,30,352,130,airplane
image_0016.jpg,141,8,331,272,face
image_0443.jpg,42,23,223,125,motorcycle
image_0262.jpg,33,16,234,140,motorcycle
image_0374.jpg,31,18,231,130,motorcycle
image_0210.jpg,60,38,347,190,airplane
image_0163.jpg,34,14,231,127,motorcycle
image_0450.jpg,64,43,364,139,airplane
image_0704.jpg,34,44,227,149,motorcycle
image_0015.jpg,32,18,231,127,motorcycle
image_0226.jpg,47,12,346,123,airplane
image_0748.jpg,67,41,361,168,airplane
image_0201.jpg,196,23,400,308,face
image_0556.jpg,38,26,236,131,motorcycle
image_0076.jpg,38,20,238,155,motorcycle
image_0797.jpg,56,25,350,110,airplane
image_0716.jpg,48,22,346,86,airplane
image_0274.jpg,139,45,344,289,face
image_0213.jpg,293,57,488,318,face
image_0428.jpg,50,32,350,116,airplane
image_0265.jpg,47,50,293,280,airplane
image_0043.jpg,238,11,433,296,face
image_0303.jpg,50,33,342,137,airplane
image_0117.jpg,33,25,229,152,motorcycle
image_0094.jpg,214,53,414,332,face
image_0077.jpg,143,31,345,274,face
image_0362.jpg,34,13,225,125,motorcycle
image_0612.jpg,37,23,224,151,motorcycle
image_0345.jpg,64,36,355,106,airplane
image_0570.jpg,38,25,226,123,motorcycle
image_0390.jpg,206,26,402,286,face
image_0124.jpg,145,9,350,281,face
image_0089.jpg,33,18,231,117,motorcycle
image_0221.jpg,149,9,348,290,face
image_0346.jpg,171,26,379,278,face
image_0111.jpg,222,51,414,323,face
image_0224.jpg,88,19,278,271,face
image_0465.jpg,50,27,350,125,airplane
image_0427.jpg,43,22,222,128,motorcycle
image_0626.jpg,38,25,223,141,motorcycle
image_0008.jpg,51,29,344,119,airplane
image_0727.jpg,34,50,230,158,motorcycle
image_0762.jpg,36,25,224,136,motorcycle
image_0756.jpg,35,40,228,129,motorcycle
image_0014.jpg,55,37,349,121,airplane
image_0010.jpg,32,18,233,127,motorcycle
image_0019.jpg,242,11,438,295,face
image_0137.jpg,38,31,351,95,airplane
image_0456.jpg,37,22,222,113,motorcycle
image_0001.jpg,31,19,233,141,motorcycle
image_0337.jpg,36,23,226,139,motorcycle
image_0354.jpg,38,28,225,151,motorcycle
image_0053.jpg,52,42,345,137,airplane
image_0442.jpg,53,30,346,91,airplane
image_0108.jpg,56,10,345,127,airplane
image_0325.jpg,154,23,328,280,face
image_0293.jpg,62,33,352,123,airplane
image_0615.jpg,58,28,353,124,airplane
image_0110.jpg,30,23,231,147,motorcycle
image_0526.jpg,36,31,224,142,motorcycle
image_0210.jpg,41,24,225,140,motorcycle
image_0258.jpg,246,46,454,314,face
image_0228.jpg,37,38,228,132,motorcycle
image_0202.jpg,36,11,234,138,motorcycle
image_0316.jpg,171,2,357,260,face
image_0447.jpg,57,26,354,130,airplane
image_0475.jpg,33,21,228,134,motorcycle
image_0169.jpg,33,25,231,146,motorcycle
image_0726.jpg,56,32,352,123,airplane
image_0738.jpg,37,55,226,165,motorcycle
image_0412.jpg,229,39,421,294,face
image_0159.jpg,38,24,225,134,motorcycle
image_0022.jpg,38,19,230,131,motorcycle
image_0782.jpg,54,27,348,119,airplane
image_0247.jpg,72,32,360,94,airplane
image_0447.jpg,34,21,225,126,motorcycle
image_0322.jpg,71,41,355,146,airplane
image_0283.jpg,57,32,346,92,airplane
image_0375.jpg,41,29,242,137,motorcycle
image_0145.jpg,166,34,354,300,face
image_0599.jpg,52,26,345,93,airplane
image_0005.jpg,246,30,446,312,face
image_0027.jpg,37,24,233,146,motorcycle
image_0042.jpg,35,23,234,146,motorcycle
image_0534.jpg,38,30,228,158,motorcycle
image_0289.jpg,31,18,228,137,motorcycle
image_0431.jpg,49,34,354,148,airplane
image_0356.jpg,35,24,226,132,motorcycle
image_0276.jpg,40,27,345,105,airplane
image_0265.jpg,37,24,227,134,motorcycle
image_0580.jpg,51,31,352,119,airplane
image_0651.jpg,38,29,231,157,motorcycle
image_0737.jpg,42,52,226,162,motorcycle
image_0140.jpg,41,25,345,94,airplane
image_0335.jpg,53,30,350,112,airplane
image_0511.jpg,63,27,350,137,airplane
image_0604.jpg,36,52,229,169,motorcycle
image_0243.jpg,34,34,350,138,airplane
image_0636.jpg,33,60,226,170,motorcycle
image_0419.jpg,46,21,222,127,motorcycle
image_0020.jpg,133,6,319,275,face
image_0538.jpg,50,24,344,121,airplane
image_0549.jpg,42,36,218,142,motorcycle
image_0550.jpg,43,28,223,139,motorcycle
image_0175.jpg,58,64,334,144,airplane
image_0402.jpg,55,26,349,132,airplane
image_0581.jpg,51,27,348,95,airplane
image_0386.jpg,98,3,325,265,face
image_0466.jpg,39,25,222,127,motorcycle
image_0209.jpg,65,42,345,158,airplane
image_0386.jpg,38,23,226,124,motorcycle
image_0012.jpg,32,19,232,141,motorcycle
image_0278.jpg,36,29,235,132,motorcycle
image_0673.jpg,35,26,230,136,motorcycle
image_0767.jpg,41,18,221,111,motorcycle
image_0582.jpg,37,21,227,127,motorcycle
image_0616.jpg,28,19,231,136,motorcycle
image_0554.jpg,74,41,354,143,airplane
image_0248.jpg,57,29,344,143,airplane
image_0155.jpg,157,20,352,295,face
image_0026.jpg,162,14,356,264,face
image_0031.jpg,30,15,233,129,motorcycle
image_0314.jpg,37,18,229,132,motorcycle
image_0476.jpg,78,76,354,147,airplane
image_0725.jpg,37,52,229,155,motorcycle
image_0190.jpg,56,36,344,120,airplane
image_0141.jpg,204,26,394,284,face
image_0069.jpg,32,24,232,167,motorcycle
image_0519.jpg,29,25,229,136,motorcycle
image_0317.jpg,43,35,233,137,motorcycle
image_0180.jpg,118,4,338,276,face
image_0235.jpg,56,38,349,139,airplane
image_0612.jpg,53,32,350,104,airplane
image_0414.jpg,217,23,407,280,face
image_0016.jpg,59,54,327,137,airplane
image_0147.jpg,36,24,229,136,motorcycle
image_0120.jpg,33,20,231,129,motorcycle
image_0097.jpg,139,60,335,332,face
image_0604.jpg,54,31,351,118,airplane
image_0391.jpg,135,7,315,250,face
image_0190.jpg,37,24,226,139,motorcycle
image_0178.jpg,51,32,346,159,airplane
image_0148.jpg,39,23,229,127,motorcycle
image_0728.jpg,54,30,345,130,airplane
image_0392.jpg,31,15,230,121,motorcycle
image_0744.jpg,39,32,226,149,motorcycle
image_0698.jpg,50,30,349,127,airplane
image_0129.jpg,35,17,228,118,motorcycle
image_0508.jpg,54,28,349,133,airplane
image_0358.jpg,74,37,356,140,airplane
image_0085.jpg,34,25,231,120,motorcycle
image_0064.jpg,38,23,232,141,motorcycle
image_0371.jpg,32,25,228,164,motorcycle
image_0364.jpg,119,15,336,248,face
image_0114.jpg,38,22,230,157,motorcycle
image_0316.jpg,43,27,347,98,airplane
image_0796.jpg,47,40,217,141,motorcycle
image_0230.jpg,65,74,349,136,airplane
image_0568.jpg,62,34,353,160,airplane
image_0736.jpg,38,52,226,162,motorcycle
image_0380.jpg,56,31,348,117,airplane
image_0336.jpg,122,18,380,284,face
image_0788.jpg,33,24,230,130,motorcycle
image_0677.jpg,52,40,209,154,motorcycle
image_0238.jpg,154,27,346,277,face
image_0418.jpg,70,41,358,146,airplane
image_0104.jpg,32,17,231,129,motorcycle
image_0657.jpg,52,26,352,139,airplane
image_0470.jpg,43,28,220,126,motorcycle
image_0018.jpg,57,33,348,147,airplane
image_0037.jpg,32,16,230,112,motorcycle
image_0771.jpg,49,27,345,138,airplane
image_0156.jpg,252,21,431,280,face
image_0284.jpg,27,9,226,148,motorcycle
image_0757.jpg,51,25,346,126,airplane
image_0713.jpg,33,35,230,164,motorcycle
image_0509.jpg,53,29,348,126,airplane
image_0622.jpg,34,23,239,144,motorcycle
image_0727.jpg,53,33,348,111,airplane
image_0611.jpg,56,29,352,113,airplane
image_0359.jpg,133,8,358,268,face
image_0340.jpg,120,20,372,273,face
image_0054.jpg,35,21,234,143,motorcycle
image_0328.jpg,36,1,228,121,motorcycle
image_0614.jpg,63,70,344,134,airplane
image_0488.jpg,37,24,223,130,motorcycle
image_0402.jpg,49,51,209,127,motorcycle
image_0150.jpg,58,31,347,95,airplane
image_0160.jpg,57,30,341,138,airplane
image_0703.jpg,40,24,229,131,motorcycle
image_0043.jpg,61,39,337,128,airplane
image_0271.jpg,60,33,343,123,airplane
image_0095.jpg,52,28,346,131,airplane
image_0060.jpg,35,25,234,144,motorcycle
image_0781.jpg,34,31,230,156,motorcycle
image_0775.jpg,43,21,229,122,motorcycle
image_0146.jpg,163,42,357,305,face
image_0485.jpg,57,26,350,130,airplane
image_0245.jpg,138,36,356,315,face
image_0137.jpg,235,15,420,292,face
image_0647.jpg,56,37,353,156,airplane
image_0090.jpg,214,34,411,318,face
image_0257.jpg,52,27,340,113,airplane
image_0398.jpg,167,20,369,287,face
image_0772.jpg,53,26,351,112,airplane
image_0321.jpg,54,28,350,123,airplane
image_0038.jpg,155,18,348,263,face
image_0390.jpg,35,25,227,149,motorcycle
image_0293.jpg,47,21,224,126,motorcycle
image_0211.jpg,65,37,347,141,airplane
image_0355.jpg,116,9,320,251,face
image_0415.jpg,36,23,228,139,motorcycle
image_0303.jpg,86,30,279,301,face
image_0670.jpg,48,32,346,125,airplane
image_0333.jpg,33,15,226,125,motorcycle
image_0518.jpg,44,44,209,141,motorcycle
image_0600.jpg,58,33,349,118,airplane
image_0170.jpg,33,32,231,149,motorcycle
image_0721.jpg,39,46,226,162,motorcycle
image_0742.jpg,52,29,349,90,airplane
image_0427.jpg,52,31,351,102,airplane
image_0058.jpg,39,39,342,149,airplane
image_0290.jpg,252,30,447,301,face
image_0529.jpg,63,29,357,128,airplane
image_0706.jpg,60,34,349,131,airplane
image_0378.jpg,182,27,397,297,face
image_0231.jpg,77,75,351,138,airplane
image_0130.jpg,35,22,233,141,motorcycle
image_0300.jpg,153,30,334,276,face
image_0291.jpg,59,30,352,128,airplane
image_0477.jpg,26,32,350,141,airplane
image_0439.jpg,36,26,225,129,motorcycle
image_0051.jpg,52,32,344,174,airplane
image_0756.jpg,50,28,350,124,airplane
image_0320.jpg,207,20,391,282,face
image_0015.jpg,61,39,353,163,airplane
image_0253.jpg,44,31,343,126,airplane
image_0420.jpg,51,30,342,134,airplane
image_0194.jpg,252,30,454,303,face
image_0778.jpg,39,25,228,125,motorcycle
image_0294.jpg,55,31,350,133,airplane
image_0657.jpg,33,20,229,135,motorcycle
image_0463.jpg,39,24,225,138,motorcycle
image_0750.jpg,52,29,352,129,airplane
image_0473.jpg,62,67,353,127,airplane
image_0021.jpg,48,28,347,129,airplane
image_0365.jpg,66,31,345,109,airplane
image_0713.jpg,54,32,351,151,airplane
image_0708.jpg,52,30,352,125,airplane
image_0061.jpg,51,46,336,122,airplane
image_0109.jpg,260,63,449,321,face
image_0259.jpg,160,28,375,304,face
image_0145.jpg,69,60,339,144,airplane
image_0113.jpg,149,6,350,287,face
image_0161.jpg,50,29,343,98,airplane
image_0518.jpg,54,29,344,112,airplane
image_0254.jpg,234,44,444,315,face
image_0218.jpg,38,23,219,131,motorcycle
image_0062.jpg,55,43,346,126,airplane
image_0055.jpg,31,25,233,144,motorcycle
image_0083.jpg,34,16,229,109,motorcycle
image_0067.jpg,179,25,359,293,face
image_0063.jpg,46,31,342,124,airplane
image_0628.jpg,32,25,226,140,motorcycle
image_0054.jpg,174,23,359,297,face
image_0791.jpg,44,41,221,154,motorcycle
image_0347.jpg,36,13,262,275,face
image_0052.jpg,31,26,232,145,motorcycle
image_0658.jpg,33,23,230,141,motorcycle
image_0173.jpg,44,28,348,115,airplane
image_0065.jpg,38,24,238,143,motorcycle
image_0360.jpg,35,27,228,144,motorcycle
image_0234.jpg,155,16,335,273,face
image_0299.jpg,52,32,348,137,airplane
image_0233.jpg,57,33,351,133,airplane
image_0626.jpg,65,68,339,128,airplane
image_0579.jpg,39,32,224,134,motorcycle
image_0061.jpg,32,23,239,152,motorcycle
image_0273.jpg,36,6,230,131,motorcycle
image_0603.jpg,42,31,225,155,motorcycle
image_0485.jpg,33,26,226,132,motorcycle
image_0766.jpg,38,55,218,150,motorcycle
image_0471.jpg,48,25,345,103,airplane
image_0668.jpg,37,25,224,131,motorcycle
image_0372.jpg,33,24,206,131,motorcycle
image_0138.jpg,152,19,342,277,face
image_0266.jpg,44,31,230,137,motorcycle
image_0217.jpg,79,10,277,294,face
image_0524.jpg,35,30,348,138,airplane
image_0426.jpg,113,3,326,260,face
image_0082.jpg,55,22,345,140,airplane
image_0092.jpg,54,32,349,160,airplane
image_0155.jpg,39,31,350,126,airplane
image_0522.jpg,35,41,223,137,motorcycle
image_0731.jpg,50,27,346,105,airplane
image_0133.jpg,34,17,228,111,motorcycle
image_0032.jpg,91,8,281,236,face
image_0607.jpg,34,55,227,169,motorcycle
image_0111.jpg,30,14,231,122,motorcycle
image_0003.jpg,30,20,234,143,motorcycle
image_0079.jpg,54,29,338,133,airplane
image_0302.jpg,88,36,290,308,face
image_0701.jpg,42,25,231,132,motorcycle
image_0249.jpg,64,30,344,134,airplane
image_0602.jpg,60,33,358,129,airplane
image_0794.jpg,52,28,351,96,airplane
image_0565.jpg,38,47,223,136,motorcycle
image_0607.jpg,52,31,348,119,airplane
image_0474.jpg,36,19,229,138,motorcycle
image_0729.jpg,48,54,224,149,motorcycle
image_0769.jpg,37,20,228,125,motorcycle
image_0495.jpg,35,28,228,137,motorcycle
image_0459.jpg,39,20,222,126,motorcycle
image_0056.jpg,172,22,353,288,face
image_0112.jpg,212,57,404,324,face
image_0124.jpg,51,33,348,117,airplane
image_0228.jpg,52,27,348,96,airplane
image_0205.jpg,34,21,232,168,motorcycle
image_0360.jpg,52,19,255,247,face
image_0400.jpg,58,29,351,97,airplane
image_0710.jpg,52,36,348,142,airplane
image_0029.jpg,148,12,354,276,face
image_0325.jpg,31,9,229,127,motorcycle
image_0216.jpg,66,37,347,136,airplane
image_0664.jpg,53,25,345,130,airplane
image_0249.jpg,62,16,270,277,face
image_0105.jpg,261,82,458,349,face
image_0465.jpg,40,25,224,126,motorcycle
image_0292.jpg,203,29,378,279,face
image_0067.jpg,44,25,343,150,airplane
image_0036.jpg,149,7,355,264,face
image_0260.jpg,89,28,284,275,face
image_0165.jpg,34,23,223,138,motorcycle
image_0187.jpg,109,5,355,284,face
image_0097.jpg,52,28,343,158,airplane
image_0784.jpg,34,25,229,139,motorcycle
image_0792.jpg,52,28,349,116,airplane
image_0155.jpg,32,20,233,130,motorcycle
image_0453.jpg,38,24,224,123,motorcycle
image_0726.jpg,42,61,227,162,motorcycle
image_0043.jpg,32,19,232,146,motorcycle
image_0723.jpg,54,31,348,143,airplane
image_0311.jpg,60,35,349,130,airplane
image_0168.jpg,59,33,345,130,airplane
image_0400.jpg,154,38,342,285,face
image_0208.jpg,39,4,235,146,motorcycle
image_0289.jpg,61,32,343,137,airplane
image_0599.jpg,30,16,226,135,motorcycle
image_0282.jpg,153,30,377,284,face
image_0763.jpg,36,23,228,138,motorcycle
image_0114.jpg,45,38,342,159,airplane
image_0404.jpg,176,30,370,282,face
image_0588.jpg,49,27,347,115,airplane
image_0490.jpg,59,27,347,129,airplane
image_0261.jpg,55,37,322,153,airplane
image_0039.jpg,184,11,379,260,face
image_0760.jpg,35,37,224,136,motorcycle
image_0232.jpg,147,12,343,281,face
image_0786.jpg,53,28,345,109,airplane
image_0787.jpg,51,27,346,90,airplane
image_0036.jpg,32,16,230,113,motorcycle
image_0621.jpg,58,74,327,157,airplane
image_0537.jpg,59,33,352,131,airplane
image_0356.jpg,125,42,333,295,face
image_0711.jpg,33,24,228,144,motorcycle
image_0235.jpg,172,28,363,294,face
image_0522.jpg,49,26,345,121,airplane
image_0368.jpg,40,40,239,172,motorcycle
image_0239.jpg,34,6,230,138,motorcycle
image_0741.jpg,39,24,225,149,motorcycle
image_0373.jpg,62,27,350,106,airplane
image_0061.jpg,222,20,398,272,face
image_0546.jpg,39,33,224,142,motorcycle
image_0042.jpg,52,31,336,154,airplane
image_0479.jpg,64,39,364,120,airplane
image_0401.jpg,40,22,227,122,motorcycle
image_0789.jpg,35,27,223,117,motorcycle
image_0247.jpg,172,26,385,294,face
image_0188.jpg,39,28,233,138,motorcycle
image_0044.jpg,78,12,266,285,face
image_0426.jpg,31,21,226,138,motorcycle
image_0297.jpg,35,28,229,147,motorcycle
image_0700.jpg,40,28,232,136,motorcycle
image_0423.jpg,64,31,358,142,airplane
image_0724.jpg,36,63,226,168,motorcycle
image_0157.jpg,60,23,343,105,airplane
image_0430.jpg,35,19,226,134,motorcycle
image_0261.jpg,39,8,231,128,motorcycle
image_0045.jpg,207,6,401,289,face
image_0186.jpg,48,32,345,149,airplane
image_0223.jpg,140,19,325,273,face
image_0069.jpg,59,32,343,147,airplane
image_0229.jpg,42,25,234,125,motorcycle
image_0286.jpg,38,15,236,145,motorcycle
image_0783.jpg,57,27,353,119,airplane
image_0235.jpg,43,13,233,171,motorcycle
image_0761.jpg,48,26,349,102,airplane
image_0144.jpg,33,20,230,122,motorcycle
image_0544.jpg,39,34,217,136,motorcycle
image_0305.jpg,51,40,346,138,airplane
image_0330.jpg,69,40,358,128,airplane
image_0678.jpg,56,35,352,138,airplane
image_0165.jpg,64,30,280,275,face
image_0032.jpg,50,29,342,119,airplane
image_0616.jpg,49,26,347,115,airplane
image_0002.jpg,106,31,296,310,face
image_0341.jpg,108,14,380,284,face
image_0461.jpg,47,28,353,102,airplane
image_0623.jpg,33,20,231,132,motorcycle
image_0173.jpg,189,6,418,295,face
image_0258.jpg,43,27,235,141,motorcycle
image_0710.jpg,36,41,226,135,motorcycle
image_0136.jpg,35,28,346,142,airplane
image_0164.jpg,120,16,344,276,face
image_0603.jpg,48,28,348,112,airplane
image_0394.jpg,34,12,231,149,motorcycle
image_0777.jpg,61,34,357,143,airplane
image_0320.jpg,75,42,358,153,airplane
image_0435.jpg,42,22,225,124,motorcycle
image_0527.jpg,62,29,350,115,airplane
image_0086.jpg,120,7,320,252,face
image_0276.jpg,31,12,240,131,motorcycle
image_0073.jpg,48,30,295,111,airplane
image_0660.jpg,49,28,345,109,airplane
image_0652.jpg,55,33,348,132,airplane
image_0697.jpg,56,31,352,116,airplane
image_0020.jpg,45,31,345,165,airplane
image_0432.jpg,117,14,322,251,face
image_0449.jpg,38,24,227,128,motorcycle
image_0312.jpg,35,29,234,129,motorcycle
image_0676.jpg,40,24,228,137,motorcycle
image_0573.jpg,34,48,229,152,motorcycle
image_0215.jpg,144,20,349,293,face
image_0222.jpg,33,27,234,147,motorcycle
image_0221.jpg,61,47,210,141,motorcycle
image_0661.jpg,49,28,346,117,airplane
image_0395.jpg,205,12,396,296,face
image_0215.jpg,43,30,221,134,motorcycle
image_0375.jpg,120,5,355,287,face
image_0743.jpg,33,41,231,159,motorcycle
image_0593.jpg,38,25,220,155,motorcycle
image_0508.jpg,38,26,225,126,motorcycle
image_0032.jpg,32,19,231,133,motorcycle
image_0355.jpg,43,40,223,150,motorcycle
image_0304.jpg,59,56,352,163,airplane
image_0200.jpg,35,29,230,158,motorcycle
image_0172.jpg,201,6,427,290,face
image_0665.jpg,36,18,229,117,motorcycle
image_0157.jpg,171,30,369,313,face
image_0320.jpg,35,22,229,123,motorcycle
image_0741.jpg,46,23,349,96,airplane
image_0775.jpg,60,56,347,119,airplane
image_0139.jpg,36,30,228,165,motorcycle
image_0709.jpg,34,29,217,146,motorcycle
image_0215.jpg,46,28,344,116,airplane
image_0416.jpg,212,50,408,301,face
image_0477.jpg,34,23,230,129,motorcycle
image_0443.jpg,50,31,347,122,airplane
image_0792.jpg,35,23,231,124,motorcycle
image_0513.jpg,34,26,228,134,motorcycle
image_0425.jpg,71,29,351,87,airplane
image_0014.jpg,80,39,280,314,face
image_0016.jpg,32,18,232,133,motorcycle
image_0219.jpg,41,20,214,112,motorcycle
image_0031.jpg,207,9,407,266,face
image_0414.jpg,61,33,356,123,airplane
image_0587.jpg,42,39,224,138,motorcycle
image_0125.jpg,34,18,232,123,motorcycle
image_0277.jpg,19,12,217,156,motorcycle
image_0057.jpg,49,52,332,141,airplane
image_0080.jpg,103,13,311,239,face
image_0321.jpg,208,11,387,271,face
image_0751.jpg,36,60,228,174,motorcycle
image_0166.jpg,58,12,281,273,face
image_0095.jpg,226,58,435,334,face
image_0084.jpg,34,17,231,108,motorcycle
image_0717.jpg,37,60,224,164,motorcycle
image_0399.jpg,38,34,228,170,motorcycle
image_0535.jpg,44,25,344,134,airplane
image_0451.jpg,56,24,351,96,airplane
image_0755.jpg,54,31,347,138,airplane
image_0172.jpg,63,42,356,159,airplane
image_0067.jpg,46,26,230,142,motorcycle
image_0445.jpg,49,30,356,127,airplane
image_0192.jpg,186,5,422,284,face
image_0664.jpg,31,17,230,111,motorcycle
image_0398.jpg,37,60,227,162,motorcycle
image_0201.jpg,26,15,233,139,motorcycle
image_0119.jpg,33,25,229,140,motorcycle
image_0594.jpg,49,28,348,118,airplane
image_0263.jpg,33,20,232,141,motorcycle
image_0340.jpg,40,24,223,127,motorcycle
image_0007.jpg,33,16,230,121,motorcycle
image_0033.jpg,68,30,269,277,face
image_0017.jpg,62,37,347,143,airplane
image_0308.jpg,143,17,326,287,face
image_0176.jpg,175,5,405,298,face
image_0183.jpg,119,2,368,279,face
image_0406.jpg,56,29,354,141,airplane
image_0174.jpg,44,28,345,138,airplane
image_0135.jpg,66,53,357,141,airplane
image_0179.jpg,54,31,349,143,airplane
image_0509.jpg,26,9,234,141,motorcycle
image_0777.jpg,41,26,225,140,motorcycle
image_0357.jpg,37,32,227,164,motorcycle
image_0484.jpg,37,25,224,128,motorcycle
image_0342.jpg,54,33,349,127,airplane
image_0319.jpg,51,27,349,113,airplane
image_0608.jpg,41,29,221,140,motorcycle
image_0705.jpg,33,58,230,156,motorcycle
image_0248.jpg,168,133,374,391,face
image_0619.jpg,71,58,342,133,airplane
image_0078.jpg,46,23,337,159,airplane
image_0074.jpg,35,23,232,149,motorcycle
image_0220.jpg,35,43,220,151,motorcycle
image_0170.jpg,57,21,266,279,face
image_0015.jpg,244,20,436,290,face
image_0197.jpg,110,26,307,295,face
image_0216.jpg,154,29,345,290,face
image_0704.jpg,53,29,349,135,airplane
image_0691.jpg,56,26,352,117,airplane
image_0171.jpg,34,25,230,153,motorcycle
image_0186.jpg,44,39,215,165,motorcycle
image_0286.jpg,86,26,275,292,face
image_0204.jpg,52,32,344,130,airplane
image_0223.jpg,26,29,347,141,airplane
image_0050.jpg,33,22,234,116,motorcycle
image_0613.jpg,54,26,346,119,airplane
image_0673.jpg,56,32,353,134,airplane
image_0026.jpg,36,27,240,158,motorcycle
image_0257.jpg,84,38,300,309,face
image_0146.jpg,75,67,351,128,airplane
image_0693.jpg,39,54,226,143,motorcycle
image_0272.jpg,33,26,231,138,motorcycle
image_0368.jpg,62,86,339,162,airplane
image_0631.jpg,50,27,347,105,airplane
image_0099.jpg,48,31,344,162,airplane
image_0091.jpg,282,69,486,346,face
image_0697.jpg,37,22,231,137,motorcycle
image_0180.jpg,37,21,227,136,motorcycle
image_0007.jpg,173,25,365,302,face
image_0601.jpg,56,27,352,103,airplane
image_0266.jpg,57,67,348,187,airplane
image_0052.jpg,227,26,418,310,face
image_0009.jpg,31,18,231,133,motorcycle
image_0740.jpg,56,33,354,110,airplane
image_0593.jpg,54,28,349,122,airplane
image_0417.jpg,239,14,442,276,face
image_0288.jpg,167,30,361,311,face
image_0336.jpg,55,31,351,119,airplane
image_0553.jpg,56,39,343,190,airplane
image_0085.jpg,51,15,343,144,airplane
image_0074.jpg,51,27,346,100,airplane
image_0188.jpg,125,8,354,277,face
image_0693.jpg,59,27,344,106,airplane
image_0367.jpg,187,3,409,265,face
image_0672.jpg,34,24,229,147,motorcycle
image_0753.jpg,56,43,363,138,airplane
image_0692.jpg,57,24,344,105,airplane
image_0353.jpg,121,22,325,255,face
image_0371.jpg,100,3,322,264,face
image_0310.jpg,48,38,351,133,airplane
image_0284.jpg,58,36,353,134,airplane
image_0019.jpg,51,33,341,146,airplane
image_0326.jpg,115,31,370,294,face
image_0399.jpg,205,22,397,275,face
image_0770.jpg,58,27,349,147,airplane
image_0426.jpg,56,28,351,130,airplane
image_0366.jpg,54,32,352,146,airplane
image_0302.jpg,37,6,228,128,motorcycle
image_0763.jpg,48,27,342,119,airplane
image_0092.jpg,33,19,231,126,motorcycle
image_0382.jpg,140,11,364,294,face
image_0140.jpg,38,25,226,146,motorcycle
image_0520.jpg,36,22,226,129,motorcycle
image_0659.jpg,35,30,229,141,motorcycle
image_0059.jpg,216,8,404,271,face
image_0543.jpg,51,33,220,135,motorcycle
image_0445.jpg,36,23,226,129,motorcycle
image_0069.jpg,125,18,321,256,face
image_0735.jpg,41,56,225,153,motorcycle
image_0003.jpg,207,17,385,279,face
image_0079.jpg,193,30,396,265,face
image_0752.jpg,58,24,345,84,airplane
image_0645.jpg,58,31,349,99,airplane
image_0344.jpg,37,21,226,129,motorcycle
image_0532.jpg,52,25,347,122,airplane
image_0595.jpg,41,42,226,152,motorcycle
image_0422.jpg,54,23,349,102,airplane
image_0084.jpg,60,44,349,144,airplane
image_0087.jpg,48,50,341,151,airplane
image_0039.jpg,46,20,335,147,airplane
image_0571.jpg,49,28,347,109,airplane
image_0317.jpg,37,30,348,105,airplane
image_0236.jpg,47,35,351,138,airplane
image_0711.jpg,57,34,352,109,airplane
image_0521.jpg,42,48,224,152,motorcycle
image_0099.jpg,221,53,419,321,face
image_0267.jpg,34,26,235,151,motorcycle
image_0539.jpg,41,29,214,152,motorcycle
image_0274.jpg,57,34,353,130,airplane
image_0526.jpg,46,29,352,113,airplane
image_0205.jpg,191,46,388,318,face
image_0128.jpg,33,22,231,137,motorcycle
image_0563.jpg,52,31,346,112,airplane
image_0202.jpg,200,46,397,317,face
image_0167.jpg,51,28,340,113,airplane
image_0486.jpg,34,26,229,131,motorcycle
image_0013.jpg,34,18,232,132,motorcycle
image_0175.jpg,36,14,234,146,motorcycle
image_0206.jpg,57,32,342,135,airplane
image_0374.jpg,53,27,351,114,airplane
image_0611.jpg,37,55,229,174,motorcycle
image_0574.jpg,49,28,346,124,airplane
image_0620.jpg,55,29,349,122,airplane
image_0407.jpg,72,72,348,163,airplane